params,file_size,peaq_score,distortion_index,processing_time,fitness
"{'sample_rate': 8000, 'sample_format': 's16p', 'compression_level': 1, 'reservoir': True, 'encoding_mode': 'Quality: 9 (VBR-aq)'}",-0.5131032084133573,-1.0798492996206863,-1.4042620534029027,-0.39353314402584716,-1.2248996542335862
"{'sample_rate': 8000, 'sample_format': 's16p', 'compression_level': 9, 'reservoir': True, 'encoding_mode': 'Quality: 9 (VBR-aq)'}",-0.5099617437176458,-1.0914989888069786,-1.4526323426887786,-0.40642755353417787,-1.2519864420780804
"{'sample_rate': 8000, 'sample_format': 's32p', 'compression_level': 0, 'reservoir': False, 'encoding_mode': 'Quality: 8 (VBR-aq)'}",-0.49694710426398375,-1.077519361783428,-1.3969013572072257,-0.40319896309616843,-1.2279562686587955
"{'sample_rate': 8000, 'sample_format': 's16p', 'compression_level': 9, 'reservoir': False, 'encoding_mode': 'Quality: 9 (VBR-aq)'}",-0.48842027151848105,-1.0914989888069786,-1.4526323426887786,-0.42126891728254884,-1.2620151099902441
"{'sample_rate': 11025, 'sample_format': 's32p', 'compression_level': 7, 'reservoir': True, 'encoding_mode': 'Bitrate: 32k (ABR True)'}",-0.4883828731292464,-1.049560107736326,-1.3064699468031973,-0.034307300184475656,-1.195594290203438
"{'sample_rate': 44100, 'sample_format': 'fltp', 'compression_level': 1, 'reservoir': True, 'encoding_mode': 'Bitrate: 32k (CBR)'}",-0.4846866656598874,0.62100532157802,0.7860708288249068,0.3460989856418363,1.0818649537733438
"{'sample_rate': 44100, 'sample_format': 'fltp', 'compression_level': 1, 'reservoir': False, 'encoding_mode': 'Bitrate: 32k (CBR)'}",-0.4846866656598874,0.5977059432054356,0.7713494364335532,0.30943089733382234,1.0559825620987542
"{'sample_rate': 44100, 'sample_format': 's16p', 'compression_level': 1, 'reservoir': False, 'encoding_mode': 'Bitrate: 32k (CBR)'}",-0.4846866656598874,0.5953760053681773,0.7692463803776456,0.2706554979597297,1.054960477413428
"{'sample_rate': 44100, 'sample_format': 'fltp', 'compression_level': 3, 'reservoir': False, 'encoding_mode': 'Bitrate: 32k (CBR)'}",-0.4846866656598874,0.22258595140681667,0.5011067332494213,-0.06597177562474048,0.6185598929928238
"{'sample_rate': 44100, 'sample_format': 's16p', 'compression_level': 8, 'reservoir': True, 'encoding_mode': 'Bitrate: 32k (CBR)'}",-0.4846866656598874,0.22258595140681667,0.5000552052214674,-0.24733558817958182,0.6273126252121798
"{'sample_rate': 44100, 'sample_format': 's16p', 'compression_level': 8, 'reservoir': False, 'encoding_mode': 'Bitrate: 32k (CBR)'}",-0.4846866656598874,0.1899668216851971,0.4748185325505757,-0.26316529580525133,0.5879139790705761
"{'sample_rate': 22050, 'sample_format': 'fltp', 'compression_level': 8, 'reservoir': False, 'encoding_mode': 'Bitrate: 32k (CBR)'}",-0.48444357612986205,-0.7676376294280473,-0.6282343687729826,-0.39328279219408613,-0.6942220123853068
"{'sample_rate': 24000, 'sample_format': 's16p', 'compression_level': 5, 'reservoir': False, 'encoding_mode': 'Bitrate: 32k (CBR)'}",-0.4843064487026683,-0.7583178780790132,-0.6114099203257214,-0.34399802804582774,-0.682387728423104
"{'sample_rate': 8000, 'sample_format': 's16p', 'compression_level': 5, 'reservoir': True, 'encoding_mode': 'Bitrate: 32k (CBR)'}",-0.4828105131332819,-1.0914989888069786,-1.4515808146608244,-0.4126664931977958,-1.2649346519786953
"{'sample_rate': 11025, 'sample_format': 'fltp', 'compression_level': 1, 'reservoir': True, 'encoding_mode': 'Quality: 9 (VBR-aq)'}",-0.47788015881917906,-1.0425702942245503,-1.2801817461043519,-0.4082946374486435,-1.1672700067738342
"{'sample_rate': 16000, 'sample_format': 'fltp', 'compression_level': 2, 'reservoir': False, 'encoding_mode': 'Bitrate: 32k (ABR True)'}",-0.4745080707231871,0.16433750547535433,0.4537879719914992,-0.3389049066330094,0.5546731777660481
"{'sample_rate': 44100, 'sample_format': 's16p', 'compression_level': 8, 'reservoir': True, 'encoding_mode': 'Bitrate: 32k (ABR True)'}",-0.4737663360033663,0.07346992982227242,0.379129482006778,-0.3547821062760118,0.44183104773978954
"{'sample_rate': 32000, 'sample_format': 's16p', 'compression_level': 9, 'reservoir': False, 'encoding_mode': 'Bitrate: 32k (ABR True)'}",-0.46418611529442066,-0.11758497283292439,0.20773041345030513,-0.38303927732793247,0.19597917271577409
"{'sample_rate': 12000, 'sample_format': 'fltp', 'compression_level': 9, 'reservoir': False, 'encoding_mode': 'Quality: 9 (VBR-aq)'}",-0.45393895664412354,-0.9074338996635565,-0.9153015204043757,-0.4182618186569802,-0.9341417865299585
"{'sample_rate': 12000, 'sample_format': 's16p', 'compression_level': 0, 'reservoir': False, 'encoding_mode': 'Quality: 9 (VBR-aq)'}",-0.4515454597331052,-0.8887943969654885,-0.8742919273141768,-0.4063803912018175,-0.904990225733098
"{'sample_rate': 44100, 'sample_format': 's16p', 'compression_level': 4, 'reservoir': False, 'encoding_mode': 'Bitrate: 36k (ABR True)'}",-0.44151022528847117,0.3204433405716733,0.5757652232341426,-0.13504999174333077,0.7206805197733182
"{'sample_rate': 8000, 'sample_format': 's32p', 'compression_level': 5, 'reservoir': True, 'encoding_mode': 'Bitrate: 214k (ABR True)'}",-0.354683631615333,-1.0984888023187542,-1.4757659593037624,-0.42522505142419026,-1.342615521731007
"{'sample_rate': 12000, 'sample_format': 's32p', 'compression_level': 7, 'reservoir': True, 'encoding_mode': 'Bitrate: 84k (ABR True)'}",-0.3465307827621769,-0.8282160131967679,-0.7428509238199491,-0.4215593668178548,-0.8567279306207715
"{'sample_rate': 32000, 'sample_format': 's16p', 'compression_level': 9, 'reservoir': False, 'encoding_mode': 'Quality: 9 (VBR-aq)'}",-0.34166899216167096,-0.29699018630182894,0.024764536586340313,-0.39798222393015426,-0.09882721804858366
"{'sample_rate': 12000, 'sample_format': 's16p', 'compression_level': 9, 'reservoir': False, 'encoding_mode': 'Bitrate: 195k (ABR True)'}",-0.3383031371305515,-0.8258860753595095,-0.7375932836801801,-0.4053614473274686,-0.8577444195319145
"{'sample_rate': 8000, 'sample_format': 'fltp', 'compression_level': 7, 'reservoir': True, 'encoding_mode': 'Bitrate: 286k (CBR)'}",-0.3356104531056559,-1.0984888023187542,-1.478920543387624,-0.4412664205022489,-1.352296417757101
"{'sample_rate': 44100, 'sample_format': 's16p', 'compression_level': 7, 'reservoir': True, 'encoding_mode': 'Quality: 9 (VBR-aq)'}",-0.31754079804044216,0.16666744331261257,0.4569425560753609,-0.32836541197372004,0.4789388797541279
"{'sample_rate': 44100, 'sample_format': 'fltp', 'compression_level': 9, 'reservoir': True, 'encoding_mode': 'Quality: 9 (VBR-aq)'}",-0.31753768150800593,0.1689973811498708,0.45904561213126854,-0.3498910730607633,0.4829744591962925
"{'sample_rate': 48000, 'sample_format': 's16p', 'compression_level': 9, 'reservoir': False, 'encoding_mode': 'Quality: 9 (VBR-aq)'}",-0.27532424965938224,0.08511961900856467,0.3885932342583623,-0.35305743473955836,0.3570125858527424
"{'sample_rate': 44100, 'sample_format': 's32p', 'compression_level': 1, 'reservoir': True, 'encoding_mode': 'Quality: 6 (VBR-aq)'}",-0.18842909227264723,0.7165327729056185,0.8481109824741822,-0.09744979095908358,1.0700531033321508
"{'sample_rate': 44100, 'sample_format': 's16p', 'compression_level': 1, 'reservoir': False, 'encoding_mode': 'Quality: 6 (VBR-aq)'}",-0.15551850974614548,0.739832151278204,0.8638839028934896,-0.19097456511929312,1.0863053052752885
"{'sample_rate': 44100, 'sample_format': 's32p', 'compression_level': 4, 'reservoir': True, 'encoding_mode': 'Bitrate: 114k (ABR True)'}",-0.14819154198858814,0.9611762458177611,0.9984794904715787,0.0909463155560612,1.3302685481757255
"{'sample_rate': 44100, 'sample_format': 's16p', 'compression_level': 5, 'reservoir': True, 'encoding_mode': 'Bitrate: 109k (CBR)'}",-0.12924614130879608,1.0031151268884146,1.0226646351145166,-0.17114692400416776,1.383094934277376
"{'sample_rate': 44100, 'sample_format': 's16p', 'compression_level': 9, 'reservoir': True, 'encoding_mode': 'Bitrate: 115k (CBR)'}",-0.12924614130879608,0.7491519026272381,0.8691415430332587,-0.31931730065800895,1.090483301224514
"{'sample_rate': 32000, 'sample_format': 's16p', 'compression_level': 7, 'reservoir': True, 'encoding_mode': 'Bitrate: 116k (ABR True)'}",-0.1287225638595108,0.012891546053551832,0.3265530806090869,-0.3556206302964832,0.19299978368085746
"{'sample_rate': 44100, 'sample_format': 's32p', 'compression_level': 4, 'reservoir': True, 'encoding_mode': 'Bitrate: 122k (ABR True)'}",-0.11056252935364665,1.1033024538905307,1.0804986766519766,0.14559559750263718,1.4754535416878152
"{'sample_rate': 44100, 'sample_format': 's32p', 'compression_level': 7, 'reservoir': True, 'encoding_mode': 'Bitrate: 123k (ABR True)'}",-0.10942499501442571,0.8050704107214421,0.9038419679557346,-0.24302174666009724,1.14308658594838
"{'sample_rate': 44100, 'sample_format': 's32p', 'compression_level': 4, 'reservoir': True, 'encoding_mode': 'Bitrate: 123k (ABR True)'}",-0.1065172702514308,1.1405814592866668,1.1015292372110532,0.0771191490444745,1.5204429081234745
"{'sample_rate': 44100, 'sample_format': 's16p', 'compression_level': 1, 'reservoir': True, 'encoding_mode': 'Quality: 5 (VBR-aq)'}",-0.10328542611506884,1.1778604646828028,1.1225597977701296,-0.014510466049880192,1.5669966403738702
"{'sample_rate': 44100, 'sample_format': 'fltp', 'compression_level': 0, 'reservoir': True, 'encoding_mode': 'Quality: 5 (VBR-aq)'}",-0.10312959949325776,1.1848502781945776,1.126765909881945,-0.02132903061601018,1.5755113024365905
"{'sample_rate': 44100, 'sample_format': 's32p', 'compression_level': 1, 'reservoir': True, 'encoding_mode': 'Quality: 5 (VBR-aq)'}",-0.10312648296082154,1.1848502781945776,1.126765909881945,-0.09950318418398243,1.5794184518487708
"{'sample_rate': 44100, 'sample_format': 'fltp', 'compression_level': 4, 'reservoir': True, 'encoding_mode': 'Bitrate: 127k (ABR True)'}",-0.09011807657203193,1.2267891592652311,1.149899526496929,0.10049577661114355,1.6117932666697685
"{'sample_rate': 44100, 'sample_format': 'fltp', 'compression_level': 4, 'reservoir': True, 'encoding_mode': 'Bitrate: 128k (ABR True)'}",-0.08606658440494365,1.2291190971024892,1.1509510545248827,0.2154082948208164,1.606667290921385
"{'sample_rate': 44100, 'sample_format': 'fltp', 'compression_level': 5, 'reservoir': True, 'encoding_mode': 'Bitrate: 127k (ABR True)'}",-0.08281292454152812,1.2267891592652311,1.149899526496929,0.08730606879342583,1.6088001760454027
"{'sample_rate': 44100, 'sample_format': 'fltp', 'compression_level': 4, 'reservoir': True, 'encoding_mode': 'Bitrate: 132k (ABR True)'}",-0.0686856830081349,1.2663981024986253,1.170930087056005,0.11138467074184895,1.6464507365824017
"{'sample_rate': 44100, 'sample_format': 's32p', 'compression_level': 4, 'reservoir': True, 'encoding_mode': 'Bitrate: 142k (CBR)'}",-0.05809258925741716,1.2780477916849176,1.1772392552237283,0.08974516461088998,1.6557786046502003
"{'sample_rate': 44100, 'sample_format': 's32p', 'compression_level': 8, 'reservoir': False, 'encoding_mode': 'Bitrate: 136k (CBR)'}",-0.05809258925741716,1.152231148472959,1.107838405378776,-0.31151862156107535,1.5292048957933542
"{'sample_rate': 44100, 'sample_format': 's32p', 'compression_level': 4, 'reservoir': True, 'encoding_mode': 'Bitrate: 136k (ABR True)'}",-0.05304380671073791,1.308336983569278,1.1940637036709896,0.17683771685016925,1.6842361121834353
"{'sample_rate': 44100, 'sample_format': 's32p', 'compression_level': 8, 'reservoir': True, 'encoding_mode': 'Bitrate: 137k (ABR True)'}",-0.04603472526167519,1.217469407916197,1.1446418863571597,-0.13780123047915815,1.5907693979781405
"{'sample_rate': 44100, 'sample_format': 's32p', 'compression_level': 4, 'reservoir': True, 'encoding_mode': 'Bitrate: 138k (ABR True)'}",-0.04407754289172792,1.3526058024771899,1.2182488483139273,-0.032140301424501284,1.741726243488457
"{'sample_rate': 44100, 'sample_format': 's16p', 'compression_level': 7, 'reservoir': True, 'encoding_mode': 'Bitrate: 138k (ABR True)'}",-0.04097036005281483,1.2547484133123332,1.1646209188882826,-0.20494941105222841,1.6348673395578368
"{'sample_rate': 44100, 'sample_format': 's32p', 'compression_level': 7, 'reservoir': True, 'encoding_mode': 'Bitrate: 138k (ABR True)'}",-0.04065247374432021,1.245428661963299,1.1593632787485133,-0.2452962576557885,1.6258286953428025
"{'sample_rate': 44100, 'sample_format': 's16p', 'compression_level': 4, 'reservoir': True, 'encoding_mode': 'Bitrate: 140k (ABR True)'}",-0.03704664571561164,1.3852249321988093,1.2340217687332344,0.1054335331094055,1.768683109021115
"{'sample_rate': 32000, 'sample_format': 's16p', 'compression_level': 8, 'reservoir': False, 'encoding_mode': 'Bitrate: 127k (ABR True)'}",-0.03537618432979678,0.14802794061454455,0.44011810762809966,-0.36565336925191433,0.3160341335304686
"{'sample_rate': 44100, 'sample_format': 'fltp', 'compression_level': 4, 'reservoir': True, 'encoding_mode': 'Bitrate: 141k (ABR True)'}",-0.033116698313536,1.3875548700360676,1.236124824789142,0.1524548657937821,1.767327923339889
"{'sample_rate': 44100, 'sample_format': 'fltp', 'compression_level': 4, 'reservoir': True, 'encoding_mode': 'Bitrate: 142k (ABR True)'}",-0.029342577533271456,1.4015344970596182,1.2434855209848188,0.20516110936444898,1.778993386653477
"{'sample_rate': 44100, 'sample_format': 's32p', 'compression_level': 4, 'reservoir': True, 'encoding_mode': 'Bitrate: 143k (ABR True)'}",-0.025400164001450936,1.4318236889439795,1.2592584414041261,0.2201279654195772,1.8112949050949638
"{'sample_rate': 44100, 'sample_format': 'fltp', 'compression_level': 4, 'reservoir': True, 'encoding_mode': 'Bitrate: 143k (ABR True)'}",-0.02522563818502252,1.4318236889439795,1.2592584414041261,0.13623330307659023,1.815402375303899
"{'sample_rate': 44100, 'sample_format': 's32p', 'compression_level': 7, 'reservoir': True, 'encoding_mode': 'Bitrate: 144k (ABR True)'}",-0.01298389877554346,1.3502758646399315,1.2161457922580197,-0.25450360547955725,1.734336731979087
"{'sample_rate': 44100, 'sample_format': 's32p', 'compression_level': 4, 'reservoir': True, 'encoding_mode': 'Bitrate: 144k (ABR True)'}",-0.009858016742013039,1.5623002078304546,1.3265562351931708,0.030852100298594157,1.9636534817444826
"{'sample_rate': 44100, 'sample_format': 'fltp', 'compression_level': 4, 'reservoir': True, 'encoding_mode': 'Bitrate: 144k (ABR True)'}",-0.009695957055329506,1.5623002078304546,1.3265562351931708,0.016083406208370385,1.964310886605652
"{'sample_rate': 44100, 'sample_format': 's32p', 'compression_level': 8, 'reservoir': True, 'encoding_mode': 'Bitrate: 145k (ABR True)'}",-0.008536606989055014,1.3619255538262238,1.2224549604257426,-0.25444370942544725,1.7456525309197466
"{'sample_rate': 44100, 'sample_format': 's16p', 'compression_level': 8, 'reservoir': True, 'encoding_mode': 'Bitrate: 145k (ABR True)'}",-0.00838701343211637,1.3712453051752578,1.226661072537558,-0.16506938937808155,1.7516906031214874
"{'sample_rate': 44100, 'sample_format': 's32p', 'compression_level': 7, 'reservoir': True, 'encoding_mode': 'Bitrate: 146k (ABR True)'}",-0.0034971740396844337,1.3782351186870336,1.2308671846493728,-0.280907055979839,1.7632892139006795
"{'sample_rate': 44100, 'sample_format': 's32p', 'compression_level': 6, 'reservoir': True, 'encoding_mode': 'Bitrate: 144k (ABR True)'}",-0.0007172271065746273,1.5623002078304546,1.3265562351931708,0.008758405340866486,1.9601877716746499
"{'sample_rate': 44100, 'sample_format': 's32p', 'compression_level': 8, 'reservoir': True, 'encoding_mode': 'Bitrate: 147k (ABR True)'}",0.0008909036305157988,1.4061943727341355,1.2455885770407267,-0.21690229754235626,1.7902706089082134
"{'sample_rate': 44100, 'sample_format': 's32p', 'compression_level': 6, 'reservoir': True, 'encoding_mode': 'Bitrate: 145k (ABR True)'}",0.003368546917312095,1.548320580806904,1.3191955389974939,-0.0604220692211772,1.945416072508555
"{'sample_rate': 44100, 'sample_format': 'fltp', 'compression_level': 4, 'reservoir': True, 'encoding_mode': 'Bitrate: 147k (ABR True)'}",0.004160146156112421,1.583269648365782,1.338123043500663,0.19269224894114215,1.9729918758908676
"{'sample_rate': 44100, 'sample_format': 's32p', 'compression_level': 7, 'reservoir': True, 'encoding_mode': 'Bitrate: 148k (ABR True)'}",0.0049735611219662995,1.4155141240831697,1.2508462171804957,-0.2519345013638809,1.8008779337445293
"{'sample_rate': 44100, 'sample_format': 's16p', 'compression_level': 8, 'reservoir': True, 'encoding_mode': 'Bitrate: 149k (ABR True)'}",0.00967640856822493,1.42949375110672,1.2582069133761726,-0.17889563795170976,1.8110624027330449
"{'sample_rate': 44100, 'sample_format': 's32p', 'compression_level': 7, 'reservoir': True, 'encoding_mode': 'Bitrate: 150k (ABR True)'}",0.013447412816053255,1.4318236889439795,1.2603099694320798,-0.2667283627263846,1.816529391501896
"{'sample_rate': 44100, 'sample_format': 's16p', 'compression_level': 8, 'reservoir': True, 'encoding_mode': 'Bitrate: 151k (ABR True)'}",0.01899172402009176,1.4574530051538221,1.271876777739572,-0.19965609075227822,1.839502981003262
"{'sample_rate': 44100, 'sample_format': 's32p', 'compression_level': 8, 'reservoir': True, 'encoding_mode': 'Bitrate: 151k (ABR True)'}",0.019309610328586378,1.4551230673165638,1.2708252497116184,-0.24211922000058564,1.8388217980657853
"{'sample_rate': 44100, 'sample_format': 's32p', 'compression_level': 5, 'reservoir': True, 'encoding_mode': 'Bitrate: 150k (ABR True)'}",0.026007038534026933,1.6135588402501422,1.3528444358920162,-0.026585589686291235,2.007737931235048
"{'sample_rate': 44100, 'sample_format': 's32p', 'compression_level': 4, 'reservoir': True, 'encoding_mode': 'Bitrate: 153k (ABR True)'}",0.029257581865006224,1.6368582186227267,1.3654627722274622,0.0874538266026147,2.0274955680283315
"{'sample_rate': 44100, 'sample_format': 's32p', 'compression_level': 6, 'reservoir': True, 'encoding_mode': 'Bitrate: 156k (ABR True)'}",0.050995395607652975,1.6531677834835365,1.372823468423139,-0.037239052004943464,2.041379078806899
"{'sample_rate': 44100, 'sample_format': 's32p', 'compression_level': 7, 'reservoir': True, 'encoding_mode': 'Bitrate: 160k (ABR True)'}",0.05949106302879348,1.5669600835049722,1.3297108192770324,-0.1295382691099797,1.9426047112291842
"{'sample_rate': 44100, 'sample_format': 's32p', 'compression_level': 7, 'reservoir': True, 'encoding_mode': 'Bitrate: 161k (ABR True)'}",0.06455854477009006,1.5716199591794886,1.3318138753329398,-0.17157954950629914,1.9474638268696403
"{'sample_rate': 44100, 'sample_format': 'fltp', 'compression_level': 4, 'reservoir': True, 'encoding_mode': 'Bitrate: 162k (ABR True)'}",0.06521924964656907,1.657827659158054,1.3759780525070004,0.01625724496852424,2.0371985878384433
"{'sample_rate': 44100, 'sample_format': 's32p', 'compression_level': 7, 'reservoir': True, 'encoding_mode': 'Bitrate: 162k (ABR True)'}",0.06814879013661752,1.58559958620304,1.338123043500663,-0.2109647110249542,1.963510339736178
"{'sample_rate': 44100, 'sample_format': 'fltp', 'compression_level': 4, 'reservoir': True, 'encoding_mode': 'Bitrate: 163k (ABR True)'}",0.06946085029226688,1.6601575969953122,1.3770295805349544,0.057434471818736024,2.0356643224187283
"{'sample_rate': 44100, 'sample_format': 's32p', 'compression_level': 4, 'reservoir': True, 'encoding_mode': 'Bitrate: 164k (ABR True)'}",0.07305421219123057,1.6787970996933803,1.3854418047585848,0.1376943495515654,2.0510178175477622
"{'sample_rate': 44100, 'sample_format': 's32p', 'compression_level': 7, 'reservoir': True, 'encoding_mode': 'Bitrate: 163k (ABR True)'}",0.07337833156459762,1.592589399714816,1.3412776275845244,-0.2637454336275394,1.9714707938892515
"{'sample_rate': 44100, 'sample_format': 's32p', 'compression_level': 4, 'reservoir': True, 'encoding_mode': 'Bitrate: 165k (ABR True)'}",0.07665692368750292,1.6997665402287065,1.3959570850381229,0.09101037145753077,2.0756746853235155
"{'sample_rate': 44100, 'sample_format': 's32p', 'compression_level': 7, 'reservoir': True, 'encoding_mode': 'Bitrate: 164k (ABR True)'}",0.0782868701516469,1.60190915106385,1.3465352677242937,-0.2795889984766387,1.9807057462291464
"{'sample_rate': 44100, 'sample_format': 's32p', 'compression_level': 5, 'reservoir': True, 'encoding_mode': 'Bitrate: 163k (ABR True)'}",0.08023158639184927,1.6648174726698288,1.378081108562908,-0.014452309973500478,2.0388486275414515
"{'sample_rate': 44100, 'sample_format': 'fltp', 'compression_level': 5, 'reservoir': True, 'encoding_mode': 'Bitrate: 163k (ABR True)'}",0.08023470292428549,1.6624875348325705,1.3770295805349544,-0.09346112328234672,2.0401521136950316
"{'sample_rate': 44100, 'sample_format': 's32p', 'compression_level': 5, 'reservoir': True, 'encoding_mode': 'Bitrate: 164k (ABR True)'}",0.08414283459930758,1.6811270375306386,1.3864933327865385,-0.0741863433013079,2.058712937232012
"{'sample_rate': 44100, 'sample_format': 'fltp', 'compression_level': 5, 'reservoir': True, 'encoding_mode': 'Bitrate: 159k (CBR)'}",0.0842176313777769,1.7114162294149988,1.402266253205846,-0.16373876525432346,2.0981742279505804
"{'sample_rate': 44100, 'sample_format': 's16p', 'compression_level': 8, 'reservoir': True, 'encoding_mode': 'Bitrate: 168k (CBR)'}",0.0842176313777769,1.6252085294364345,1.3591536040597392,-0.28944383657273043,2.005317986794104
"{'sample_rate': 44100, 'sample_format': 's32p', 'compression_level': 7, 'reservoir': True, 'encoding_mode': 'Bitrate: 164k (CBR)'}",0.0842176313777769,1.6182187159246586,1.3559990199758778,-0.30896208858336793,1.9983577106577017
"{'sample_rate': 44100, 'sample_format': 's16p', 'compression_level': 8, 'reservoir': True, 'encoding_mode': 'Bitrate: 168k (ABR True)'}",0.09621628125723065,1.6321983429482103,1.3623081881436006,-0.22432019802494654,2.0039986686639226
"{'sample_rate': 44100, 'sample_format': 's32p', 'compression_level': 7, 'reservoir': True, 'encoding_mode': 'Bitrate: 168k (ABR True)'}",0.09653105103328906,1.6368582186227267,1.3644112441995084,-0.2694368931682386,2.0113879110243467
"{'sample_rate': 44100, 'sample_format': 's16p', 'compression_level': 8, 'reservoir': True, 'encoding_mode': 'Bitrate: 170k (ABR True)'}",0.105004902727376,1.6531677834835365,1.372823468423139,-0.24846559648066466,2.0249356524708237
"{'sample_rate': 44100, 'sample_format': 's32p', 'compression_level': 7, 'reservoir': True, 'encoding_mode': 'Bitrate: 170k (ABR True)'}",0.10532590556830684,1.6531677834835365,1.3738749964510928,-0.296835592602461,2.0275091092648343
"{'sample_rate': 44100, 'sample_format': 's16p', 'compression_level': 5, 'reservoir': True, 'encoding_mode': 'Bitrate: 170k (ABR True)'}",0.10758850811700385,1.7277257942758086,1.4106784774294765,0.09431826001569445,2.092419170445365
"{'sample_rate': 44100, 'sample_format': 's16p', 'compression_level': 4, 'reservoir': True, 'encoding_mode': 'Bitrate: 180k (ABR True)'}",0.1552839205209416,1.7556850483229107,1.4232968137649225,0.26596119421677855,2.091734072481078
"{'sample_rate': 44100, 'sample_format': 's32p', 'compression_level': 4, 'reservoir': True, 'encoding_mode': 'Bitrate: 180k (ABR True)'}",0.1556111564267449,1.7486952348111349,1.4201422296810609,0.15067877312479167,2.0893983868458412
"{'sample_rate': 44100, 'sample_format': 's32p', 'compression_level': 4, 'reservoir': True, 'encoding_mode': 'Bitrate: 182k (ABR True)'}",0.16306590201418733,1.7463652969738768,1.4190907016531071,0.023690646495950183,2.089375024137918
"{'sample_rate': 44100, 'sample_format': 's16p', 'compression_level': 4, 'reservoir': True, 'encoding_mode': 'Bitrate: 182k (ABR True)'}",0.16306901854662356,1.7486952348111349,1.4201422296810609,0.0410176445181457,2.0911525122162344
"{'sample_rate': 44100, 'sample_format': 's32p', 'compression_level': 4, 'reservoir': True, 'encoding_mode': 'Bitrate: 185k (ABR True)'}",0.17473731598783782,1.7603449239974283,1.4264513978487838,0.03560028647482585,2.099131671034403
"{'sample_rate': 44100, 'sample_format': 's32p', 'compression_level': 6, 'reservoir': True, 'encoding_mode': 'Bitrate: 182k (ABR True)'}",0.175709674107939,1.7463652969738768,1.4190907016531071,-0.08374627627488009,2.088424984229583
"{'sample_rate': 44100, 'sample_format': 'fltp', 'compression_level': 4, 'reservoir': True, 'encoding_mode': 'Bitrate: 186k (ABR True)'}",0.17830574562731172,1.7650047996719447,1.4275029258767378,0.12540126422295006,2.0978327414101625
"{'sample_rate': 44100, 'sample_format': 's32p', 'compression_level': 4, 'reservoir': True, 'encoding_mode': 'Bitrate: 187k (ABR True)'}",0.18316753622781765,1.7789844266954953,1.4359151501003684,0.053634095692472496,2.1154934988270733
"{'sample_rate': 44100, 'sample_format': 's32p', 'compression_level': 4, 'reservoir': True, 'encoding_mode': 'Bitrate: 188k (ABR True)'}",0.18607837752324877,1.7789844266954953,1.4359151501003684,0.016460070837833685,2.1158967794220898
"{'sample_rate': 44100, 'sample_format': 's32p', 'compression_level': 5, 'reservoir': True, 'encoding_mode': 'Bitrate: 185k (ABR True)'}",0.18835032966925444,1.7603449239974283,1.4264513978487838,0.013163409552337607,2.0934470080398193
"{'sample_rate': 44100, 'sample_format': 's16p', 'compression_level': 4, 'reservoir': True, 'encoding_mode': 'Bitrate: 189k (ABR True)'}",0.1896499236951589,1.7603449239974283,1.4264513978487838,-0.009654469101584918,2.0939381049595633
"{'sample_rate': 44100, 'sample_format': 's32p', 'compression_level': 7, 'reservoir': True, 'encoding_mode': 'Bitrate: 188k (ABR True)'}",0.19063163141256875,1.7440353591366184,1.4180391736251532,-0.12912012913864337,2.0805873019748122
"{'sample_rate': 44100, 'sample_format': 's16p', 'compression_level': 9, 'reservoir': True, 'encoding_mode': 'Bitrate: 189k (ABR True)'}",0.1954965385455109,1.7417054212993601,1.4169876455971993,-0.1599994071780463,2.077053416064667
"{'sample_rate': 44100, 'sample_format': 's32p', 'compression_level': 7, 'reservoir': True, 'encoding_mode': 'Bitrate: 189k (ABR True)'}",0.19581754138644175,1.739375483462101,1.4159361175692455,-0.20751946124288165,2.076623521101798
"{'sample_rate': 44100, 'sample_format': 'fltp', 'compression_level': 5, 'reservoir': True, 'encoding_mode': 'Bitrate: 187k (ABR True)'}",0.1971109023474738,1.7789844266954953,1.4348636220724145,0.015975122398818375,2.1100893060235415
"{'sample_rate': 44100, 'sample_format': 'fltp', 'compression_level': 5, 'reservoir': True, 'encoding_mode': 'Bitrate: 189k (ABR True)'}",0.20392052572061833,1.7743245510209786,1.4327605660165068,-0.10862282698532996,2.107623599314888
"{'sample_rate': 44100, 'sample_format': 'fltp', 'compression_level': 5, 'reservoir': True, 'encoding_mode': 'Bitrate: 190k (ABR True)'}",0.2078130747334593,1.7813143645327545,1.4369666781283221,-0.07573141685156377,2.1122844014471
"{'sample_rate': 44100, 'sample_format': 's32p', 'compression_level': 8, 'reservoir': False, 'encoding_mode': 'Bitrate: 173k (ABR True)'}",0.21880820116844965,1.6834569753678967,1.3875448608144922,-0.301199814615031,2.005376323758771
"{'sample_rate': 44100, 'sample_format': 'fltp', 'compression_level': 5, 'reservoir': True, 'encoding_mode': 'Bitrate: 190k (CBR)'}",0.2265216189480985,1.795293991556305,1.4432758462960449,-0.12838390211020106,2.1214351310765793
"{'sample_rate': 44100, 'sample_format': 's32p', 'compression_level': 7, 'reservoir': True, 'encoding_mode': 'Bitrate: 207k (CBR)'}",0.2265216189480985,1.7626748618346864,1.4275029258767378,-0.3000751620276132,2.0926686882250394
"{'sample_rate': 44100, 'sample_format': 's16p', 'compression_level': 8, 'reservoir': True, 'encoding_mode': 'Bitrate: 212k (ABR True)'}",0.30044265180284235,1.8162634320916313,1.4537911265755832,-0.10458037582812961,2.1074084629542917
"{'sample_rate': 44100, 'sample_format': 's16p', 'compression_level': 6, 'reservoir': True, 'encoding_mode': 'Bitrate: 211k (ABR True)'}",0.30895390188616395,1.8255831834406653,1.4579972386873985,-0.16116182928131595,2.1165634955678687
"{'sample_rate': 44100, 'sample_format': 's16p', 'compression_level': 8, 'reservoir': False, 'encoding_mode': 'Bitrate: 204k (ABR True)'}",0.3662170688693025,1.804613742905339,1.4474819584078602,-0.3137676474308291,2.071438178364587
"{'sample_rate': 44100, 'sample_format': 's32p', 'compression_level': 6, 'reservoir': True, 'encoding_mode': 'Bitrate: 218k (CBR)'}",0.3688318395832926,1.8442226861387334,1.4674609909389829,-0.11349370114548386,2.105719748686056
"{'sample_rate': 44100, 'sample_format': 's32p', 'compression_level': 8, 'reservoir': True, 'encoding_mode': 'Bitrate: 212k (CBR)'}",0.3688318395832926,1.8325729969524411,1.46115182277126,-0.297527609448282,2.101379004464587
"{'sample_rate': 44100, 'sample_format': 's16p', 'compression_level': 8, 'reservoir': True, 'encoding_mode': 'Bitrate: 211k (CBR)'}",0.3688318395832926,1.8279131212779245,1.4590487667153522,-0.30196328748420964,2.096309995875094
"{'sample_rate': 32000, 'sample_format': 's16p', 'compression_level': 9, 'reservoir': True, 'encoding_mode': 'Bitrate: 210k (CBR)'}",0.37166788410025436,0.4835389891797691,0.6935363623649704,-0.3369070072234821,0.5226113062003072
"{'sample_rate': 32000, 'sample_format': 's16p', 'compression_level': 8, 'reservoir': False, 'encoding_mode': 'Bitrate: 211k (CBR)'}",0.37166788410025436,0.4835389891797691,0.6924848343370167,-0.3476072667816228,0.5228308607698281
"{'sample_rate': 44100, 'sample_format': 's16p', 'compression_level': 6, 'reservoir': False, 'encoding_mode': 'Bitrate: 274k (CBR)'}",0.5111358271536142,1.8768418158603528,1.4832339113582902,0.2649520955884268,2.0529964709116113
"{'sample_rate': 44100, 'sample_format': 's16p', 'compression_level': 8, 'reservoir': True, 'encoding_mode': 'Bitrate: 282k (CBR)'}",0.5111358271536142,1.8442226861387334,1.4674609909389829,-0.26323946008116555,2.0420550428476796
"{'sample_rate': 44100, 'sample_format': 'fltp', 'compression_level': 4, 'reservoir': True, 'encoding_mode': 'Bitrate: 312k (ABR True)'}",0.6694899567704778,1.8558723753250266,1.4737701591067058,-0.1374641892250625,1.9701316541330525
"{'sample_rate': 44100, 'sample_format': 's32p', 'compression_level': 1, 'reservoir': False, 'encoding_mode': 'Bitrate: 289k (ABR True)'}",0.7929046412448594,1.858202313162285,1.4737701591067058,0.2381767522646803,1.891972202658633
"{'sample_rate': 44100, 'sample_format': 's32p', 'compression_level': 5, 'reservoir': False, 'encoding_mode': 'Bitrate: 294k (ABR True)'}",0.7938801158973968,1.8535424374877674,1.471667103050798,-0.19843112349891745,1.9080240666292543
"{'sample_rate': 44100, 'sample_format': 'fltp', 'compression_level': 3, 'reservoir': False, 'encoding_mode': 'Bitrate: 291k (ABR True)'}",0.7945314711765671,1.860532250999543,1.4758732151626133,-0.1483963401064855,1.9134482969653677
"{'sample_rate': 44100, 'sample_format': 's32p', 'compression_level': 7, 'reservoir': True, 'encoding_mode': 'Bitrate: 292k (CBR)'}",0.7957500353591298,1.8675220645113189,1.4790277992464749,-0.2613445182812786,1.9264226125197603
"{'sample_rate': 44100, 'sample_format': 's16p', 'compression_level': 8, 'reservoir': True, 'encoding_mode': 'Bitrate: 295k (CBR)'}",0.7957500353591298,1.8675220645113189,1.4779762712185212,-0.29178940149915844,1.927629398272268
